Ejercicio,Grupo,Media,Pasos,Tip,Alternativa
"Rotaciones de hombros y cuello","Movilidad","","","",""
"Rotaciones de cadera y rodillas","Movilidad","","","",""
"Sentadilla de peso corporal","Activación","bodyweight_squat.png","","",""
"Serie de aproximación con barra vacía","Activación","","","Después de la barra vacía, 2–3 series subiendo el peso hasta llegar al de trabajo, sin acumular fatiga.",""
"Sentadilla trasera con barra","Piernas","db/Barbell_Squat","Barra apoyada sobre los trapecios, pies al ancho de hombros con las puntas apenas hacia afuera. | Inspirá, endurecé el abdomen y bajá llevando la cadera atrás y abajo, rodillas en línea con los pies. | Bajá hasta que el muslo quede paralelo al piso o un poco más, manteniendo el pecho arriba. | Subí empujando el piso con toda la planta; exhalá al pasar el punto más difícil.","Nunca al fallo: si dudás de completar la última repetición con buena técnica, terminá la serie ahí.",""
"Press de banca con barra","Pecho","db/Barbell_Bench_Press_-_Medium_Grip","Acostado con los pies firmes en el piso, escápulas juntas y apoyadas, arco lumbar natural. | Agarre algo más ancho que los hombros; sacá la barra y sostenela sobre el pecho con los brazos estirados. | Bajá controlado hasta tocar la parte baja del pecho, con los codos a unos 45° del cuerpo. | Empujá hacia arriba y un poco atrás hasta estirar los brazos, sin despegar los glúteos del banco.","Pedí ayuda para sacar la barra si el peso es alto y dejá siempre los seguros puestos.",""
"Peso muerto convencional","Cadena posterior","db/Barbell_Deadlift","Barra sobre la mitad del pie, pies al ancho de cadera. Agarrá la barra apenas por fuera de las piernas. | Bajá la cadera hasta que las canillas toquen la barra, pecho arriba y espalda neutra. | Inspirá, endurecé el abdomen y empujá el piso: la barra sube pegada a las piernas. | Terminá de pie con la cadera extendida y bajá controlado por el mismo camino.","Es el ejercicio que más fatiga genera: 3 series alcanzan. Si la espalda se redondea, bajá el peso.",""
"Press militar con barra de pie","Hombros","db/Standing_Military_Press","Barra a la altura de las clavículas, agarre apenas más ancho que los hombros, codos adelante. | Apretá glúteos y abdomen para no arquear la espalda baja. | Empujá la barra hacia arriba en línea recta, moviendo apenas la cabeza hacia atrás para dejarla pasar. | Arriba, bloqueá con la barra sobre la mitad del pie y bajá controlado a las clavículas.","",""
"Hack squat en máquina","Piernas","db/Hack_Squat","Espalda y cadera bien apoyadas en el respaldo, pies al ancho de hombros en el centro de la plataforma. | Bajá controlado hasta que el muslo pase la paralela, sin despegar la cadera del respaldo. | Subí empujando con toda la planta, sin bloquear las rodillas de golpe arriba.","Reemplaza a las estocadas búlgaras: mismo estímulo de cuádriceps sin cargar la espalda baja.",""
"Curl femoral sentado en máquina","Isquios","leg_curl.gif","","La variante sentada trabaja el isquiotibial estirado: por eso va dos veces por semana.",""
"Extensiones de cuádriceps en máquina","Piernas","leg_extension.gif","","",""
"Gemelos de pie en máquina","Pantorrillas","db/Standing_Calf_Raises","","Pausa de 1–2 segundos abajo, bien estirado, antes de subir.",""
"Press inclinado con mancuernas","Pecho","db/Incline_Dumbbell_Press","","Banco a 30°: más que eso pasa a ser un ejercicio de hombro.",""
"Aperturas en poleas","Pecho","db/Cable_Crossover","","Poleas a la altura del pecho o un poco más abajo. Codos apenas flexionados y fijos; el movimiento sale del hombro.",""
"Elevaciones laterales en polea","Hombros","db/Cable_Seated_Lateral_Raise","","Polea baja, el cable pasa por delante del cuerpo. Sin impulso: si tenés que balancearte, bajá el peso.",""
"Elevaciones laterales con mancuernas","Hombros","lateral_raise.gif","","",""
"Extensión de tríceps sobre la cabeza en polea","Tríceps","db/Cable_Rope_Overhead_Triceps_Extension","","De espaldas a la polea baja con la cuerda detrás de la cabeza. Trabaja la porción larga, la más grande del tríceps.",""
"Extensión de tríceps en polea — cuerda","Tríceps","triceps_pushdown.gif","","",""
"Remo con apoyo de pecho","Espalda","db/Lying_T-Bar_Row","","Máquina o banco inclinado con el pecho apoyado: la espalda trabaja sin cargar la zona lumbar.",""
"Jalón al pecho","Espalda","lat_pulldown.gif","","",""
"Remo en polea sentado (agarre neutro)","Espalda","seated_row.gif","","",""
"Facepulls en polea alta","Hombros","face_pull.gif","","",""
"Curl de bíceps con mancuernas","Bíceps","biceps_curl.gif","","",""
"Crunch en polea alta","Abdomen","db/Cable_Crunch","","",""
"Pecho en marco de puerta","Estiramiento","stretch_pec.png","","",""
"Cuádriceps de pie","Estiramiento","stretch_quad.png","","",""
"Isquiotibiales sentado","Estiramiento","db/Seated_Floor_Hamstring_Stretch","","",""
"Hombro cruzado","Estiramiento","","","",""
"Gato-vaca","Estiramiento","cat_cow.gif","","",""
"Movilidad de muñecas en el piso","Muñecas","","En cuadrupedia, manos apoyadas con los dedos hacia adelante: balanceá el peso adelante y atrás 10 veces, sin despegar las palmas. | Girá las manos con los dedos hacia las rodillas y repetí el balanceo, suave. | Apoyá el dorso de las manos (palmas hacia arriba) y balanceá 10 veces más, con poco peso. | Terminá con 10 flexiones de dedos: levantá la palma dejando las yemas apoyadas y volvé.","Las muñecas son lo que más sufre al principio del handstand. Si molestan, hacé este bloque más largo y menos pared.",""
"Apertura de hombros con banda","Hombros","db/Band_Pull_Apart","Banda tomada al frente con las manos más abiertas que los hombros, brazos estirados. | Separá las manos llevando la banda al pecho y juntando las escápulas; volvé controlado. | Después, con el mismo agarre, pasá la banda por encima de la cabeza hasta la espalda baja y volvé (pasadas). Si no llegás sin doblar los codos, tomala más ancha.","Las pasadas son las que abren el hombro para la línea recta del handstand. Nunca con dolor.",""
"Hollow body hold","Core","","Acostado boca arriba, pegá la zona lumbar al piso apretando el abdomen. | Levantá hombros y piernas unos centímetros, brazos estirados junto a las orejas. | El cuerpo queda como una banana suave: lumbar siempre apoyada. Si se despega, flexioná las rodillas o subí más las piernas. | Sostené respirando normal.","Es la forma exacta del handstand pero en el piso: costillas cerradas, glúteos apretados, piernas juntas.",""
"Pike con pies elevados","Hombros","","Pies apoyados en una silla o la cama, manos en el piso al ancho de hombros, dedos abiertos. | Caminá las manos hacia atrás hasta que la cadera quede lo más arriba posible de los hombros, en forma de V invertida. | Empujá el piso alejando los hombros de las orejas y mirá entre las manos, sin arquear la espalda. | Sostené el tiempo indicado y bajá con control.","Cuanto más cerca de la silla las manos, más vertical y más difícil. Empezá lejos y acercate con las semanas.",""
"Sapo (frog stand)","Equilibrio","","En cuclillas, manos en el piso al ancho de hombros con los dedos bien abiertos. | Apoyá la cara interna de las rodillas sobre los codos o los tríceps. | Inclinate hacia adelante mirando el piso delante de las manos hasta que los pies se despeguen solos. | Equilibrá con la punta de los dedos: presioná cuando te vas hacia adelante. Si te caés, bajá los pies.","Poné un almohadón adelante las primeras veces. Cuando aguantes 20 s cómodo, pasamos a la caminata a la pared.",""
"Isquios acostado con banda","Movilidad","db/Leg-Up_Hamstring_Stretch","Acostado boca arriba, pasá la banda por la planta de un pie y estirá esa pierna hacia el techo; la otra queda extendida en el piso. | Tirá suave de la banda hasta sentir el estiramiento atrás del muslo, rodilla lo más recta posible. | Contraé 5 segundos empujando el pie contra la banda (sin que se mueva), relajá y ganá un poco de rango. Repetí 3 veces. | Cambiá de pierna.","",""
"Estocada baja (flexor de cadera)","Movilidad","db/Kneeling_Hip_Flexor","Rodilla de atrás apoyada (usá algo blando), pie de adelante bien adelante, torso erguido. | Apretá el glúteo de la pierna de atrás y llevá la cadera hacia adelante, sin arquear la lumbar. | Para sumar, levantá el brazo del lado de la rodilla apoyada e inclinate apenas al lado contrario. | Contraé 5 s empujando la rodilla contra el piso, relajá, profundizá. 3 veces por lado.","",""
"Rana (aductores)","Movilidad","","En cuadrupedia, abrí las rodillas lo más que puedas, pies hacia afuera con la cara interna apoyada. | Bajá a los antebrazos y llevá la cadera hacia atrás, hacia los talones, hasta sentir la cara interna de los muslos. | Contraé 5 s apretando las rodillas contra el piso, relajá y ganá rango. 3 veces. | Salí despacio juntando las rodillas con las manos.","Es la base para la apertura lateral. Progresá abriendo las rodillas, no forzando la cadera hacia abajo.",""
"Sentadilla profunda sostenida","Movilidad","","Pies al ancho de hombros o un poco más, puntas apenas hacia afuera. | Bajá hasta el fondo, talones en el piso; si se levantan, poné un libro debajo o agarrate de algo al frente. | Con los codos empujá suavemente las rodillas hacia afuera y mantené el pecho arriba. | Sostené respirando; movete un poco de lado a lado.","",""
"Colgarse de la barra","Hombros","","Agarre al ancho de hombros, cuerpo colgando relajado, pies sin tocar el piso. | Dejá que los hombros suban hacia las orejas: es una descompresión, no un ejercicio de fuerza. | Respirá lento y sentí cómo se abre la espalda y los hombros.","Si el agarre no aguanta, apoyá las puntas de los pies en una silla y descargá parte del peso.",""
